{
	"miniprogramRoot": "./miniprogram",
	"pluginRoot": "./plugin",
	"compileType": "plugin",
	"setting": {
		"urlCheck": true,
		"es6": true,
		"postcss": true,
		"minified": true,
		"newFeature": true
	},
	"appid": "自己的",
	"projectname": "swords-IM-demo",
	"libVersion": "2.1.1",
	"condition": {
		"search": {
			"current": -1,
			"list": []
		},
		"conversation": {
			"current": -1,
			"list": []
		},
		"plugin": {
			"current": 0,
			"list": [
				{
					"id": -1,
					"name": "用户列表",
					"pathName": "pages/userlist/userlist",
					"query": ""
				}
			]
		},
		"game": {
			"list": []
		},
		"miniprogram": {
			"current": -1,
			"list": []
		}
	}
}